{
    "step": 15,
    "epoch": 14.0,
    "train": {
        "loss": 0.15031804144382477
    },
    "eval": {
        "loss": 0.10075069963932037
    },
    "dice": 0.754855043378925,
    "jaccard_coeff": 0.6062386868010613
}