{
    "step": 10,
    "epoch": 9.0,
    "train": {
        "loss": 0.11675558239221573
    },
    "eval": {
        "loss": 0.12149699032306671
    },
    "dice": 0.753303540528747,
    "jaccard_coeff": 0.6042397367906516
}