{
    "step": 15,
    "epoch": 14.0,
    "train": {
        "loss": 0.06221946328878403
    },
    "eval": {
        "loss": 0.06260024756193161
    },
    "dice": 0.8610159650641417,
    "jaccard_coeff": 0.7559508637999739
}