{
    "step": 10,
    "epoch": 9.0,
    "train": {
        "loss": 0.24958297610282898
    },
    "eval": {
        "loss": 0.21211351454257965
    },
    "dice": 0.08872436846592184,
    "jaccard_coeff": 0.046421545381556274
}