{
    "step": 15,
    "epoch": 14.0,
    "train": {
        "loss": 0.07981841266155243
    },
    "eval": {
        "loss": 0.06543183326721191
    },
    "dice": 0.8028400502854236,
    "jaccard_coeff": 0.6706205386146058
}