{
    "step": 10,
    "epoch": 9.0,
    "train": {
        "loss": 0.10696126520633698
    },
    "eval": {
        "loss": 0.10764759033918381
    },
    "dice": 0.7947721181704896,
    "jaccard_coeff": 0.6594372152791905
}