{
    "step": 15,
    "epoch": 14.0,
    "train": {
        "loss": 0.06392190605401993
    },
    "eval": {
        "loss": 0.03353634476661682
    },
    "dice": 0.8969298684658351,
    "jaccard_coeff": 0.8131213445317144
}