{
    "step": 15,
    "epoch": 14.0,
    "train": {
        "loss": 0.11563535779714584
    },
    "eval": {
        "loss": 0.10198119282722473
    },
    "dice": 0.7663831278473351,
    "jaccard_coeff": 0.6212489024327256
}