{
    "step": 10,
    "epoch": 9.0,
    "train": {
        "loss": 0.13607841730117798
    },
    "eval": {
        "loss": 0.09497126936912537
    },
    "dice": 0.8240705654925339,
    "jaccard_coeff": 0.7007823269920044
}