{
    "step": 15,
    "epoch": 14.0,
    "train": {
        "loss": 0.051394686102867126
    },
    "eval": {
        "loss": 0.04840680956840515
    },
    "dice": 0.873608230836994,
    "jaccard_coeff": 0.7755811563557063
}