{
    "step": 15,
    "epoch": 14.0,
    "train": {
        "loss": 0.059052105993032455
    },
    "eval": {
        "loss": 0.05702466145157814
    },
    "dice": 0.8849077254846714,
    "jaccard_coeff": 0.7935735415881111
}