{
    "step": 15,
    "epoch": 14.0,
    "train": {
        "loss": 0.0563247911632061
    },
    "eval": {
        "loss": 0.03930312767624855
    },
    "dice": 0.8089416370217327,
    "jaccard_coeff": 0.6791788397328882
}