{
    "step": 15,
    "epoch": 14.0,
    "train": {
        "loss": 0.06064857915043831
    },
    "eval": {
        "loss": 0.06018761545419693
    },
    "dice": 0.7735830962503596,
    "jaccard_coeff": 0.6307668247927852
}