{
    "step": 15,
    "epoch": 14.0,
    "train": {
        "loss": 0.11719559878110886
    },
    "eval": {
        "loss": 0.14187663793563843
    },
    "dice": 0.794406781138578,
    "jaccard_coeff": 0.6589343475976301
}