{
    "step": 15,
    "epoch": 14.0,
    "train": {
        "loss": 0.08930447697639465
    },
    "eval": {
        "loss": 0.12733744084835052
    },
    "dice": 0.6999892917679813,
    "jaccard_coeff": 0.5384488661019946
}