{
    "step": 10,
    "epoch": 9.0,
    "train": {
        "loss": 0.2241794914007187
    },
    "eval": {
        "loss": 0.1813613772392273
    },
    "dice": 0.4862769865239441,
    "jaccard_coeff": 0.3212456851054118
}