{
    "step": 15,
    "epoch": 14.0,
    "train": {
        "loss": 0.07871799916028976
    },
    "eval": {
        "loss": 0.10776636004447937
    },
    "dice": 0.8211475138894186,
    "jaccard_coeff": 0.6965651118899973
}