{
    "step": 15,
    "epoch": 14.0,
    "train": {
        "loss": 0.057008154690265656
    },
    "eval": {
        "loss": 0.08733420073986053
    },
    "dice": 0.8074679723338007,
    "jaccard_coeff": 0.6771038040077013
}