{
    "step": 15,
    "epoch": 14.0,
    "train": {
        "loss": 0.05700218677520752
    },
    "eval": {
        "loss": 0.10192947834730148
    },
    "dice": 0.8591806649523637,
    "jaccard_coeff": 0.7531259670633892
}