{"dice_mean": 0.7001839794142005, "acc_mean": 0.9768016025641025}