{
    "dice_mean": 0.7887211408490373,
    "jacc_mean": 0.6511474503913045,
    "acc_mean": 0.9541912468112249
}