{"dice_mean": 0.7417698313964417, "acc_mean": 0.9748429487179485}