{"dice_mean": 0.7490564319714911, "acc_mean": 0.9716100512820515}