{
    "dice_mean": 0.8732340500123057,
    "jacc_mean": 0.7749915144505763,
    "acc_mean": 0.9817067001079277
}