{"dice_mean": 0.7886412649563938, "acc_mean": 0.9781730769230768}