{"dice_mean": 0.705338101411584, "acc_mean": 0.9789137820512821}