{"dice_mean": 0.6947271438541006, "acc_mean": 0.9522964743589745}