{
    "dice_mean": 0.8669591938725238,
    "jacc_mean": 0.7651614921404551,
    "acc_mean": 0.9808182888540031
}