{
    "dice_mean": 0.9226161897582633,
    "jacc_mean": 0.8563486670096262,
    "acc_mean": 0.9826623107175562
}