{"dice_mean": 0.7253761534633961, "acc_mean": 0.9701169871794871}