{"dice_mean": 0.8463838326056159, "jacc_mean": 0.7336788929694885, "acc_mean": 76.28135000000002}