{"dice_mean": 0.707909783307654, "acc_mean": 0.9804131410256411}