{
    "dice_mean": 0.8562376433024497,
    "jacc_mean": 0.7486149883221485,
    "acc_mean": 0.9791538911237573
}