{
    "dice_mean": 0.8135216609131133,
    "jacc_mean": 0.6856607778774951,
    "acc_mean": 0.9608015682234434
}