{"dice_mean": 0.7328820505030188, "acc_mean": 0.9725083333333333}