{"dice_mean": 0.7510712039523995, "acc_mean": 0.9792190769230771}