{"dice_mean": 0.6797696161957616, "acc_mean": 0.9488987179487177}