{"dice_mean": 0.7127692842459366, "acc_mean": 0.9762506410256412}