{
    "dice_mean": 0.8884959549456934,
    "jacc_mean": 0.7993636720433913,
    "acc_mean": 0.9840645543073
}