{"dice_mean": 0.7115840510811754, "acc_mean": 0.981871153846154}