{"dice_mean": 0.7192474750198776, "acc_mean": 0.9847810897435898}