{"dice_mean": 0.7218649634122892, "acc_mean": 0.9826371794871795}