{"dice_mean": 0.7048581470053933, "acc_mean": 0.9618621794871793}