{"dice_mean": 0.6992880236804583, "acc_mean": 0.9558057692307691}