{"dice_mean": 0.7474785796895118, "acc_mean": 0.9780822564102565}