{
    "dice_mean": 0.7376352432701799,
    "jacc_mean": 0.5843281344300502,
    "acc_mean": 0.9649006410256411
}