{"dice_mean": 0.6746833408385797, "acc_mean": 0.9397807692307691}