{"dice_mean": 0.7339443375586691, "acc_mean": 0.9679448205128207}