{
    "dice_mean": 0.8798287319197414,
    "jacc_mean": 0.7854412597348489,
    "acc_mean": 0.9743413441097593
}