{
    "dice_mean": 0.8660213386288124,
    "jacc_mean": 0.763701618143003,
    "acc_mean": 0.9707284205749608
}