{"dice_mean": 0.7099311536768395, "acc_mean": 0.9674314102564102}