{"dice_mean": 0.7086550112201382, "acc_mean": 0.9789262820512821}