{"dice_mean": 0.8384204077085886, "jacc_mean": 0.7217933349316711, "acc_mean": 0.9758249999999998}