{"dice_mean": 0.7053085020045626, "acc_mean": 0.9783073717948716}