{"dice_mean": 0.7420729544868147, "acc_mean": 0.9728999999999999}