{"dice_mean": 0.7176823685354174, "acc_mean": 0.9641108974358972}