{"dice_mean": 0.7256713649863986, "acc_mean": 0.9735493589743589}