{"dice_mean": 0.8514380369027086, "acc_mean": 0.9830669871794874}