{"dice_mean": 0.7209666195130766, "acc_mean": 0.9713874999999996}