{
    "dice_mean": 0.9211253484483466,
    "jacc_mean": 0.8537834744041587,
    "acc_mean": 0.9817884635825481
}