{"dice_mean": 0.7115843763028094, "acc_mean": 0.9818714743589743}