{
    "dice_mean": 0.8311274669560453,
    "jacc_mean": 0.7110505580892038,
    "acc_mean": 0.9755064736231032
}