{"dice_mean": 0.7198250442448715, "acc_mean": 0.9588173076923078}