{"dice_mean": 0.7174893701260106, "acc_mean": 0.9825108974358975}