{"dice_mean": 0.7096466338015123, "acc_mean": 0.9784503205128207}