{"dice_mean": 0.7896703670136105, "acc_mean": 0.9805548076923076}