{"dice_mean": 0.6339721111600638, "acc_mean": 0.9361538461538463}