{"dice_mean": 0.7482039782802821, "acc_mean": 0.9721342948717947}