{"dice_mean": 0.7390305060702425, "acc_mean": 0.9721134615384617}