{"dice_mean": 0.7441478172422453, "acc_mean": 0.9758589743589744}