{"dice_mean": 0.7444861713334608, "acc_mean": 0.9763961538461537}