{"dice_mean": 0.7298609528201992, "acc_mean": 0.9734810897435897}