{"dice_mean": 0.7492367502780641, "acc_mean": 0.9804407051282049}