{"dice_mean": 0.7137544078587528, "acc_mean": 0.978872435897436}