{"dice_mean": 0.7478146303822609, "acc_mean": 0.9747377622377621}