{
    "dice_mean": 0.7770006742167564,
    "jacc_mean": 0.6353238778109245,
    "acc_mean": 0.966500641025641
}