{"dice_mean": 0.7166527718788313, "acc_mean": 0.983198717948718}