{
    "dice_mean": 0.12414048616300465,
    "jacc_mean": 0.06617792283873128,
    "acc_mean": 0.9287237130429096
}