{"dice_mean": 0.7254041260532087, "acc_mean": 0.9691211538461538}