{"dice_mean": 0.7257787773671655, "acc_mean": 0.9615996794871794}