{
    "dice_mean": 0.7062424522179621,
    "jacc_mean": 0.5458847010621994,
    "acc_mean": 0.9559338308640767
}