{"dice_mean": 0.7305415866346656, "acc_mean": 0.9669243589743589}