{"dice_mean": 0.7442299245872528, "acc_mean": 0.9763144230769231}