{"dice_mean": 0.7450249663240447, "acc_mean": 0.9729698717948718}