{"dice_mean": 0.7333771933349326, "acc_mean": 0.9734166666666665}