{
    "dice_mean": 0.8707459630528862,
    "jacc_mean": 0.7710806732264671,
    "acc_mean": 0.9809407051282051
}