{"dice_mean": 0.7635187944921804, "acc_mean": 0.9779080128205127}