{"dice_mean": 0.7428156136183767, "acc_mean": 0.9758487179487181}