{"dice_mean": 0.8064834712916519, "acc_mean": 0.9805157051282052}