{"dice_mean": 0.7270361673196081, "acc_mean": 0.9681019230769232}