{"dice_mean": 0.8233628010575186, "acc_mean": 0.9833621794871794}