{"dice_mean": 0.6933262036437415, "acc_mean": 0.9552384615384614}