{"dice_mean": 0.705089894960334, "acc_mean": 0.9618070512820511}