{
    "dice_mean": 0.5944539152176384,
    "jacc_mean": 0.4229344890599479,
    "acc_mean": 0.954411752681842
}