{"dice_mean": 0.7198619899130076, "acc_mean": 0.9658525641025639}