{"dice_mean": 0.7370195508574781, "acc_mean": 0.9729836538461538}