{
    "dice_mean": 0.9207323179447029,
    "jacc_mean": 0.8531083930830873,
    "acc_mean": 0.9822021356619572
}