{"dice_mean": 0.7307636930961244, "acc_mean": 0.9689266025641025}