{"dice_mean": 0.6339790717210139, "acc_mean": 0.9361560897435897}