{"dice_mean": 0.7421708429980174, "acc_mean": 0.97738141025641}