{"dice_mean": 0.7180524331000744, "acc_mean": 0.9585317307692309}