{
    "dice_mean": 0.735971863842653,
    "acc_mean": 0.970007794871795
}