{"dice_mean": 0.7410306313108044, "acc_mean": 0.9699560897435896}