{"dice_mean": 0.6883814113428111, "acc_mean": 0.9523692307692304}