{
    "dice_mean": 0.9116786683818514,
    "jacc_mean": 0.8376925471325094,
    "acc_mean": 0.9802817160518055
}