{"dice_mean": 0.691989694344447, "acc_mean": 0.9542253205128203}