{"dice_mean": 0.7289830820934954, "acc_mean": 0.9663682692307691}