{"dice_mean": 0.7425902542477063, "acc_mean": 0.9748114871794872}