{
    "dice_mean": 0.746295330791491,
    "acc_mean": 0.9793166666666665
}