{
    "step": 12,
    "epoch": 11.0,
    "train": {
        "loss": 0.10062602907419205
    },
    "valid": {
        "loss": 0.17740380764007568
    },
    "foreground": {
        "acc": 0.6232907772064209
    },
    "jaccard": {
        "coeff": 0.5521974793619084
    },
    "dice": {
        "multi": 0.842314404420712
    }
}