{
    "step": 12,
    "epoch": 11.0,
    "train": {
        "loss": 0.10820535570383072
    },
    "valid": {
        "loss": 0.06949416548013687
    },
    "foreground": {
        "acc": 0.8242087364196777
    },
    "jaccard": {
        "coeff": 0.7314007128821943
    },
    "dice": {
        "multi": 0.9152862237853758
    }
}