{
    "step": 10,
    "epoch": 9.0,
    "train": {
        "loss": 0.16885222494602203
    },
    "valid": {
        "loss": 0.13463495671749115
    },
    "foreground": {
        "acc": 0.7329553961753845
    },
    "jaccard": {
        "coeff": 0.5488648828079898
    },
    "dice": {
        "multi": 0.8405675587285527
    }
}