{
    "step": 10,
    "epoch": 9.0,
    "train": {
        "loss": 0.07415864616632462
    },
    "eval": {
        "loss": 0.05450001731514931
    },
    "dice": 0.8771537459828203,
    "jaccard_coeff": 0.7811877564222605
}