{
    "step": 12,
    "epoch": 11.0,
    "train": {
        "loss": 0.10574328154325485
    },
    "valid": {
        "loss": 0.0765761286020279
    },
    "foreground": {
        "acc": 0.777646005153656
    },
    "jaccard": {
        "coeff": 0.7356683254382783
    },
    "dice": {
        "multi": 0.9159901031422186
    }
}