{
    "step": 30,
    "epoch": 29.0,
    "train": {
        "loss": 0.04028759524226189
    },
    "eval": {
        "loss": 0.03438027203083038
    }
}