{
    "step": 15,
    "epoch": 14.0,
    "train": {
        "loss": 0.09946895390748978
    },
    "valid": {
        "loss": 0.08475976437330246
    },
    "foreground": {
        "acc": 0.7061065435409546
    },
    "jaccard": {
        "coeff": 0.695921170056829
    },
    "dice": {
        "multi": 0.9031914892130023
    }
}