{
    "step": 12,
    "epoch": 11.0,
    "train": {
        "loss": 0.10669710487127304
    },
    "valid": {
        "loss": 0.08257941901683807
    },
    "foreground": {
        "acc": 0.666159451007843
    },
    "jaccard": {
        "coeff": 0.5826686405678194
    },
    "dice": {
        "multi": 0.8598833305903231
    }
}