{
    "step": 20,
    "epoch": 19.0,
    "train": {
        "loss": 0.0557083897292614
    },
    "eval": {
        "loss": 0.11388000100851059
    }
}