{
    "step": 12,
    "epoch": 11.0,
    "train": {
        "loss": 0.1397097110748291
    },
    "valid": {
        "loss": 0.10536545515060425
    },
    "foreground": {
        "acc": 0.7416460514068604
    },
    "jaccard": {
        "coeff": 0.7029560771387845
    },
    "dice": {
        "multi": 0.903564284667987
    }
}