{
    "step": 12,
    "epoch": 11.0,
    "train": {
        "loss": 0.14172153174877167
    },
    "valid": {
        "loss": 0.097540944814682
    },
    "foreground": {
        "acc": 0.6894422769546509
    },
    "jaccard": {
        "coeff": 0.6534692403019952
    },
    "dice": {
        "multi": 0.8869713288794012
    }
}