{
    "step": 12,
    "epoch": 11.0,
    "train": {
        "loss": 0.2193390130996704
    },
    "valid": {
        "loss": 0.09186055511236191
    },
    "foreground": {
        "acc": 0.6215150952339172
    },
    "jaccard": {
        "coeff": 0.5697911867260513
    },
    "dice": {
        "multi": 0.8548992021789217
    }
}