{
    "step": 12,
    "epoch": 11.0,
    "train": {
        "loss": 0.10990051925182343
    },
    "valid": {
        "loss": 0.07853341102600098
    },
    "foreground": {
        "acc": 0.8446342945098877
    },
    "jaccard": {
        "coeff": 0.702087311287313
    },
    "dice": {
        "multi": 0.9049900152743986
    }
}