{
    "step": 10,
    "epoch": 9.0,
    "train": {
        "loss": 0.09557818621397018
    },
    "valid": {
        "loss": 0.07061838358640671
    },
    "foreground": {
        "acc": 0.5921603441238403
    },
    "jaccard": {
        "coeff": 0.6611646793267579
    },
    "dice": {
        "multi": 0.8921224581460262
    }
}