{
    "step": 10,
    "epoch": 9.0,
    "train": {
        "loss": 0.14965389668941498
    },
    "valid": {
        "loss": 0.07341787219047546
    },
    "foreground": {
        "acc": 0.8445107936859131
    },
    "jaccard": {
        "coeff": 0.6839616875846457
    },
    "dice": {
        "multi": 0.8991600012766916
    }
}