{
    "step": 10,
    "epoch": 9.0,
    "train": {
        "loss": 0.13541120290756226
    },
    "eval": {
        "loss": 0.09528078883886337
    }
}