{
    "step": 12,
    "epoch": 11.0,
    "train": {
        "loss": 0.13211119174957275
    },
    "valid": {
        "loss": 0.1250866800546646
    },
    "foreground": {
        "acc": 0.6930146813392639
    },
    "jaccard": {
        "coeff": 0.6108556749989207
    },
    "dice": {
        "multi": 0.8672262234074121
    }
}