{
    "step": 12,
    "epoch": 11.0,
    "train": {
        "loss": 0.10119558125734329
    },
    "valid": {
        "loss": 0.07432921975851059
    },
    "foreground": {
        "acc": 0.8524003028869629
    },
    "jaccard": {
        "coeff": 0.7438617296964906
    },
    "dice": {
        "multi": 0.9187562143306911
    }
}