{
    "step": 10,
    "epoch": 9.0,
    "train": {
        "loss": 0.10695433616638184
    },
    "valid": {
        "loss": 0.08874193578958511
    },
    "foreground": {
        "acc": 0.591664731502533
    },
    "jaccard": {
        "coeff": 0.6974715014456455
    },
    "dice": {
        "multi": 0.9017602763563843
    }
}