{
    "step": 12,
    "epoch": 11.0,
    "train": {
        "loss": 0.10989568382501602
    },
    "valid": {
        "loss": 0.08659882098436356
    },
    "foreground": {
        "acc": 0.806878924369812
    },
    "jaccard": {
        "coeff": 0.6569014745570462
    },
    "dice": {
        "multi": 0.88679530970911
    }
}