{
    "step": 12,
    "epoch": 11.0,
    "train": {
        "loss": 0.11054486781358719
    },
    "valid": {
        "loss": 0.1014999970793724
    },
    "foreground": {
        "acc": 0.8367763757705688
    },
    "jaccard": {
        "coeff": 0.6788899707887049
    },
    "dice": {
        "multi": 0.893233992007973
    }
}