{
    "step": 12,
    "epoch": 11.0,
    "train": {
        "loss": 0.1054755225777626
    },
    "valid": {
        "loss": 0.09185381978750229
    },
    "foreground": {
        "acc": 0.8101001381874084
    },
    "jaccard": {
        "coeff": 0.6718390574862181
    },
    "dice": {
        "multi": 0.8918225104883732
    }
}