{
    "step": 10,
    "epoch": 9.0,
    "train": {
        "loss": 0.1059311106801033
    },
    "eval": {
        "loss": 0.05207235366106033
    }
}