{
    "step": 12,
    "epoch": 11.0,
    "train": {
        "loss": 0.09662977606058121
    },
    "valid": {
        "loss": 0.07927796989679337
    },
    "foreground": {
        "acc": 0.9073173999786377
    },
    "jaccard": {
        "coeff": 0.7415093668459896
    },
    "dice": {
        "multi": 0.9168565749295274
    }
}