{
    "step": 15,
    "epoch": 14.0,
    "train": {
        "loss": 0.08727136254310608
    },
    "valid": {
        "loss": 0.08821827918291092
    },
    "foreground": {
        "acc": 0.8064622282981873
    },
    "jaccard": {
        "coeff": 0.7004121647980732
    },
    "dice": {
        "multi": 0.9020038272876678
    }
}