{
    "step": 10,
    "epoch": 9.0,
    "train": {
        "loss": 0.0953226387500763
    },
    "valid": {
        "loss": 0.08190316706895828
    },
    "foreground": {
        "acc": 0.5960275530815125
    },
    "jaccard": {
        "coeff": 0.6401112917195638
    },
    "dice": {
        "multi": 0.8838088638910695
    }
}