{
    "step": 12,
    "epoch": 11.0,
    "train": {
        "loss": 0.1459173858165741
    },
    "valid": {
        "loss": 0.09459435194730759
    },
    "foreground": {
        "acc": 0.8176265954971313
    },
    "jaccard": {
        "coeff": 0.6991132484640153
    },
    "dice": {
        "multi": 0.9027356327094807
    }
}