{
    "step": 12,
    "epoch": 11.0,
    "train": {
        "loss": 0.1241854578256607
    },
    "valid": {
        "loss": 0.09636302292346954
    },
    "foreground": {
        "acc": 0.8012027144432068
    },
    "jaccard": {
        "coeff": 0.6729530765774587
    },
    "dice": {
        "multi": 0.8928428814897239
    }
}