{
    "step": 15,
    "epoch": 14.0,
    "train": {
        "loss": 0.08806601911783218
    },
    "valid": {
        "loss": 0.08225907385349274
    },
    "foreground": {
        "acc": 0.7700108885765076
    },
    "jaccard": {
        "coeff": 0.732564582163535
    },
    "dice": {
        "multi": 0.9148194064297389
    }
}