{
    "step": 12,
    "epoch": 11.0,
    "train": {
        "loss": 0.12087634205818176
    },
    "valid": {
        "loss": 0.10141546279191971
    },
    "foreground": {
        "acc": 0.5464072227478027
    },
    "jaccard": {
        "coeff": 0.562199105914718
    },
    "dice": {
        "multi": 0.8511515712609736
    }
}