{
    "step": 12,
    "epoch": 11.0,
    "train": {
<<<<<<< HEAD
        "loss": 0.10669710487127304
    },
    "valid": {
        "loss": 0.08257941901683807
    },
    "foreground": {
        "acc": 0.666159451007843
    },
    "jaccard": {
        "coeff": 0.5826686405678194
    },
    "dice": {
        "multi": 0.8598833305903231
=======
        "loss": 0.1459173858165741
    },
    "valid": {
        "loss": 0.09459435194730759
    },
    "foreground": {
        "acc": 0.8176265954971313
    },
    "jaccard": {
        "coeff": 0.6991132484640153
    },
    "dice": {
        "multi": 0.9027356327094807
>>>>>>> dev
    }
}