{
    "step": 12,
    "epoch": 11.0,
    "train": {
        "loss": 0.10382278263568878
    },
    "valid": {
        "loss": 0.07184047996997833
    },
    "foreground": {
        "acc": 0.8768172264099121
    },
    "jaccard": {
        "coeff": 0.7325437966461605
    },
    "dice": {
        "multi": 0.9152281275349963
    }
}