{
    "step": 12,
    "epoch": 11.0,
    "train": {
        "loss": 0.0952225998044014
    },
    "valid": {
        "loss": 0.12970894575119019
    },
    "foreground": {
        "acc": 0.6244911551475525
    },
    "jaccard": {
        "coeff": 0.5844936627110962
    },
    "dice": {
        "multi": 0.8563803478785903
    }
}