{
    "step": 12,
    "epoch": 11.0,
    "train": {
        "loss": 0.10425446927547455
    },
    "valid": {
        "loss": 0.06031110882759094
    },
    "foreground": {
        "acc": 0.803585946559906
    },
    "jaccard": {
        "coeff": 0.7242240597352404
    },
    "dice": {
        "multi": 0.913138166995497
    }
}