{
    "step": 12,
    "epoch": 11.0,
    "train": {
        "loss": 0.10958298295736313
    },
    "valid": {
        "loss": 0.09304424375295639
    },
    "foreground": {
        "acc": 0.6747337579727173
    },
    "jaccard": {
        "coeff": 0.7086310219206303
    },
    "dice": {
        "multi": 0.9047674331781028
    }
}