{
    "step": 10,
    "epoch": 9.0,
    "train": {
        "loss": 0.09760060906410217
    },
    "eval": {
        "loss": 0.06618065387010574
    },
    "dice": 0.5782615021164864,
    "jaccard_coeff": 0.40672845461899054
}