{
    "step": 12,
    "epoch": 11.0,
    "train": {
        "loss": 0.12339361011981964
    },
    "valid": {
        "loss": 0.07265933603048325
    },
    "foreground": {
        "acc": 0.485807865858078
    },
    "jaccard": {
        "coeff": 0.559624375302273
    },
    "dice": {
        "multi": 0.8530890533835076
    }
}