{
    "step": 20,
    "epoch": 19.0,
    "train": {
        "loss": 0.05627766251564026
    },
    "eval": {
        "loss": 0.06067582219839096
    }
}