{
    "step": 12,
    "epoch": 11.0,
    "train": {
        "loss": 0.10957305878400803
    },
    "valid": {
        "loss": 0.10432879626750946
    },
    "foreground": {
        "acc": 0.6169427037239075
    },
    "jaccard": {
        "coeff": 0.6008272964041058
    },
    "dice": {
        "multi": 0.8653983784678094
    }
}