{
    "step": 20,
    "epoch": 19.0,
    "train": {
        "loss": 0.05498940497636795
    },
    "valid": {
        "loss": 0.08608994632959366
    },
    "foreground": {
        "acc": 0.8536508679389954
    },
    "jaccard": {
        "coeff": 0.6043256823736636
    },
    "dice": {
        "multi": 0.8672512219612811
    }
}