{
    "step": 10,
    "epoch": 9.0,
    "train": {
        "loss": 0.13657447695732117
    },
    "valid": {
        "loss": 0.08904291689395905
    },
    "foreground": {
        "acc": 0.8337137699127197
    },
    "jaccard": {
        "coeff": 0.7457660853836537
    },
    "dice": {
        "multi": 0.9190234465312294
    }
}