{
    "step": 12,
    "epoch": 11.0,
    "train": {
        "loss": 0.11867182701826096
    },
    "valid": {
        "loss": 0.05111648142337799
    },
    "foreground": {
        "acc": 0.8041208982467651
    },
    "jaccard": {
        "coeff": 0.7839020789179149
    },
    "dice": {
        "multi": 0.934483610096583
    }
}