{
    "step": 12,
    "epoch": 11.0,
    "train": {
        "loss": 0.10142327100038528
    },
    "valid": {
        "loss": 0.10912705957889557
    },
    "foreground": {
        "acc": 0.6851848363876343
    },
    "jaccard": {
        "coeff": 0.6184476112682522
    },
    "dice": {
        "multi": 0.8718886501581931
    }
}