{
    "step": 10,
    "epoch": 9.0,
    "train": {
        "loss": 0.11335215717554092
    },
    "eval": {
        "loss": 0.2010984718799591
    }
}