{
    "step": 10,
    "epoch": 9.0,
    "train": {
        "loss": 0.1210564598441124
    },
    "valid": {
        "loss": 0.07842352241277695
    },
    "foreground": {
        "acc": 0.7868639230728149
    },
    "jaccard": {
        "coeff": 0.6804995476429698
    },
    "dice": {
        "multi": 0.8972839981589766
    }
}