{
    "step": 10,
    "epoch": 9.0,
    "train": {
        "loss": 0.12308335304260254
    },
    "valid": {
        "loss": 0.07708050310611725
    },
    "foreground": {
        "acc": 0.8310192823410034
    },
    "jaccard": {
        "coeff": 0.7118398456420706
    },
    "dice": {
        "multi": 0.9078919879474756
    }
}