{
    "step": 15,
    "epoch": 14.0,
    "train": {
        "loss": 0.09432511776685715
    },
    "valid": {
        "loss": 0.042113810777664185
    },
    "foreground": {
        "acc": 0.8770636320114136
    },
    "jaccard": {
        "coeff": 0.7700540562888238
    },
    "dice": {
        "multi": 0.9302274096845219
    }
}