{
    "step": 10,
    "epoch": 9.0,
    "train": {
        "loss": 0.14099812507629395
    },
    "valid": {
        "loss": 0.1261395812034607
    },
    "foreground": {
        "acc": 0.7761428356170654
    },
    "jaccard": {
        "coeff": 0.5906550805118881
    },
    "dice": {
        "multi": 0.8569175417422363
    }
}