{
    "step": 20,
    "epoch": 19.0,
    "train": {
        "loss": 0.05605270713567734
    },
    "eval": {
        "loss": 0.048963092267513275
    }
}