{
    "step": 12,
    "epoch": 11.0,
    "train": {
        "loss": 0.10177107900381088
    },
    "valid": {
        "loss": 0.07485786080360413
    },
    "foreground": {
        "acc": 0.6795572638511658
    },
    "jaccard": {
        "coeff": 0.5191164928803678
    },
    "dice": {
        "multi": 0.8347907548739448
    }
}