{
    "step": 12,
    "epoch": 11.0,
    "train": {
        "loss": 0.18035586178302765
    },
    "valid": {
        "loss": 0.16234542429447174
    },
    "foreground": {
        "acc": 0.6315591335296631
    },
    "jaccard": {
        "coeff": 0.5579211657244959
    },
    "dice": {
        "multi": 0.8420108220484955
    }
}