{
    "step": 15,
    "epoch": 14.0,
    "train": {
        "loss": 0.08725285530090332
    },
    "valid": {
        "loss": 0.06348707526922226
    },
    "foreground": {
        "acc": 0.8783954381942749
    },
    "jaccard": {
        "coeff": 0.7603682023259176
    },
    "dice": {
        "multi": 0.9247311381955047
    }
}