{
    "step": 12,
    "epoch": 11.0,
    "train": {
        "loss": 0.11278684437274933
    },
    "valid": {
        "loss": 0.073636993765831
    },
    "foreground": {
        "acc": 0.836274266242981
    },
    "jaccard": {
        "coeff": 0.7659593205661215
    },
    "dice": {
        "multi": 0.9266151212043381
    }
}