{
    "step": 10,
    "epoch": 9.0,
    "train": {
        "loss": 0.15384648740291595
    },
    "valid": {
        "loss": 0.10006339102983475
    },
    "foreground": {
        "acc": 0.7430908679962158
    },
    "jaccard": {
        "coeff": 0.6308145225064399
    },
    "dice": {
        "multi": 0.8764314161571913
    }
}