{
    "step": 12,
    "epoch": 11.0,
    "train": {
        "loss": 0.17173916101455688
    },
    "valid": {
        "loss": 0.0783868357539177
    },
    "foreground": {
        "acc": 0.8261958956718445
    },
    "jaccard": {
        "coeff": 0.6486070645235211
    },
    "dice": {
        "multi": 0.8852734083341207
    }
}