{
    "step": 12,
    "epoch": 11.0,
    "train": {
        "loss": 0.11128272116184235
    },
    "valid": {
        "loss": 0.08076357841491699
    },
    "foreground": {
        "acc": 0.7987074851989746
    },
    "jaccard": {
        "coeff": 0.6778255565597656
    },
    "dice": {
        "multi": 0.8952473307775972
    }
}