{
    "step": 10,
    "epoch": 9.0,
    "train": {
        "loss": 0.10385016351938248
    },
    "valid": {
        "loss": 0.0763372927904129
    },
    "foreground": {
        "acc": 0.6941021680831909
    },
    "jaccard": {
        "coeff": 0.7151309416106899
    },
    "dice": {
        "multi": 0.9091022982306727
    }
}