{
    "step": 10,
    "epoch": 9.0,
    "train": {
        "loss": 0.09979765117168427
    },
    "valid": {
        "loss": 0.10939794033765793
    },
    "foreground": {
        "acc": 0.5370371341705322
    },
    "jaccard": {
        "coeff": 0.5704786460655642
    },
    "dice": {
        "multi": 0.853693128105842
    }
}