{
    "step": 12,
    "epoch": 11.0,
    "train": {
        "loss": 0.11633742600679398
    },
    "valid": {
        "loss": 0.09720320999622345
    },
    "foreground": {
        "acc": 0.6926910877227783
    },
    "jaccard": {
        "coeff": 0.6540286936486763
    },
    "dice": {
        "multi": 0.8863522505843109
    }
}