{
    "step": 12,
    "epoch": 11.0,
    "train": {
        "loss": 0.10367003828287125
    },
    "valid": {
        "loss": 0.0736701712012291
    },
    "foreground": {
        "acc": 0.620871365070343
    },
    "jaccard": {
        "coeff": 0.7565638346747435
    },
    "dice": {
        "multi": 0.9244140945168486
    }
}