{
    "step": 12,
    "epoch": 11.0,
    "train": {
        "loss": 0.12120267003774643
    },
    "valid": {
        "loss": 0.09654694050550461
    },
    "foreground": {
        "acc": 0.727232038974762
    },
    "jaccard": {
        "coeff": 0.5739581871755297
    },
    "dice": {
        "multi": 0.8548080687635264
    }
}