{
    "step": 30,
    "epoch": 29.0,
    "train": {
        "loss": 0.04260007664561272
    },
    "eval": {
        "loss": 0.041518159210681915
    }
}