{
    "step": 10,
    "epoch": 9.0,
    "train": {
        "loss": 0.10318585485219955
    },
    "valid": {
        "loss": 0.12312755733728409
    },
    "foreground": {
        "acc": 0.7420982718467712
    },
    "jaccard": {
        "coeff": 0.6926644575466729
    },
    "dice": {
        "multi": 0.8976051377311965
    }
}