{
    "step": 12,
    "epoch": 11.0,
    "train": {
        "loss": 0.13304944336414337
    },
    "valid": {
        "loss": 0.08759886026382446
    },
    "foreground": {
        "acc": 0.7780340313911438
    },
    "jaccard": {
        "coeff": 0.6649412188872149
    },
    "dice": {
        "multi": 0.8908413026929614
    }
}