{
    "step": 20,
    "epoch": 19.0,
    "train": {
        "loss": 0.053363606333732605
    },
    "eval": {
        "loss": 0.05007080361247063
    }
}