{
    "step": 12,
    "epoch": 11.0,
    "train": {
        "loss": 0.12628167867660522
    },
    "valid": {
        "loss": 0.08358621597290039
    },
    "foreground": {
        "acc": 0.6374183297157288
    },
    "jaccard": {
        "coeff": 0.5860130619848585
    },
    "dice": {
        "multi": 0.8612983390880522
    }
}