{
    "step": 12,
    "epoch": 11.0,
    "train": {
        "loss": 0.1255706399679184
    },
    "valid": {
        "loss": 0.09471698105335236
    },
    "foreground": {
        "acc": 0.7355678081512451
    },
    "jaccard": {
        "coeff": 0.6352780748219807
    },
    "dice": {
        "multi": 0.8788461802859493
    }
}