{
    "step": 12,
    "epoch": 11.0,
    "train": {
        "loss": 0.11486310511827469
    },
    "valid": {
        "loss": 0.11745517700910568
    },
    "foreground": {
        "acc": 0.7480646967887878
    },
    "jaccard": {
        "coeff": 0.6242916188050264
    },
    "dice": {
        "multi": 0.8722962225094728
    }
}