step	eval/loss
0	0.5159428715705872
1	0.3477283716201782
2	0.31665128469467163
3	0.26267558336257935
4	0.20949409902095795
5	0.15581375360488892
6	0.12199080735445023
7	0.09833260625600815
8	0.08917693793773651
9	0.07369230687618256
10	0.06639808416366577
11	0.06352338939905167
12	0.06417020410299301
