step	eval/loss
0	0.47668907046318054
1	0.43059515953063965
2	0.341182678937912
3	0.29401546716690063
4	0.29216304421424866
5	0.28074079751968384
6	0.2072090357542038
7	0.17874640226364136
8	0.1570509374141693
9	0.12652917206287384
10	0.10694756358861923
11	0.11783968657255173
12	0.09504186362028122
13	0.10893069207668304
14	0.08664920181035995
15	0.08143559098243713
16	0.09217187017202377
17	0.08098524063825607
18	0.08075635880231857
19	0.08261242508888245
20	0.08341679722070694
