step	eval/loss
0	0.4896257519721985
1	0.37089163064956665
2	0.29934778809547424
3	0.3096935451030731
4	0.333656370639801
5	0.3979858160018921
6	0.3089848756790161
7	0.30418431758880615
8	0.30714064836502075
9	0.22560544312000275
10	0.18582014739513397
11	0.1696481555700302
12	0.17930668592453003
13	0.15189239382743835
14	0.1479032188653946
15	0.1483805775642395
