step	eval/loss
0	0.39048898220062256
1	0.39438554644584656
2	0.30845871567726135
3	0.20114393532276154
4	0.22885234653949738
5	0.15784887969493866
6	0.14098235964775085
7	0.1224994957447052
8	0.1022304892539978
9	0.0829923078417778
10	0.07941682636737823
11	0.0746060386300087
12	0.08654100447893143
13	0.0781807154417038
14	0.07212073355913162
15	0.07332845777273178
16	0.07395248860120773
