step	eval/loss
0	0.3593842685222626
1	0.34158074855804443
2	0.5537791848182678
3	0.30223914980888367
4	0.3099706768989563
5	0.17838217318058014
6	0.12272126972675323
7	0.08477165549993515
8	0.0802280381321907
9	0.07123997807502747
10	0.060544997453689575
11	0.07041862607002258
12	0.05446023494005203
13	0.05090504139661789
14	0.05166789889335632
15	0.05049995332956314
