step	eval/loss
0	0.29879894852638245
1	0.32211095094680786
2	0.23899342119693756
3	0.17675171792507172
4	0.1275639832019806
5	0.12680615484714508
