step	eval/loss
0	0.43919211626052856
1	0.2863333821296692
2	0.26382097601890564
3	0.2285979688167572
4	0.21299341320991516
5	0.1154855415225029
6	0.10470812022686005
7	0.07722873240709305
8	0.07009146362543106
9	0.09754472970962524
10	0.06633234769105911
11	0.06629517674446106
12	0.06556035578250885
13	0.058921605348587036
14	0.057742003351449966
15	0.058440253138542175
