step	eval/loss
0	0.37625446915626526
1	0.2725471258163452
2	0.21187639236450195
3	0.1539088636636734
4	0.1706194430589676
5	0.140150249004364
6	0.08806275576353073
7	0.08853336423635483
8	0.06948881596326828
9	0.08809100836515427
10	0.0614105649292469
11	0.052835386246442795
12	0.05322258546948433
13	0.05617940425872803
14	0.05014858394861221
15	0.04651244357228279
16	0.048595529049634933
17	0.055620934814214706
18	0.04792055860161781
19	0.04482392221689224
20	0.0460687056183815
