step	eval/loss
0	0.4238989055156708
1	0.27441591024398804
2	0.3486308455467224
3	0.15714286267757416
4	0.10620688647031784
5	0.09003420919179916
6	0.0877203717827797
