step	eval/loss
0	0.34133848547935486
1	0.2671523690223694
2	0.2897167503833771
3	0.1971949338912964
4	0.17092134058475494
5	0.12080132216215134
6	0.10878059267997742
7	0.08794037252664566
8	0.09091497212648392
9	0.06659534573554993
10	0.0604243278503418
11	0.058542829006910324
12	0.0626337006688118
13	0.06345346570014954
14	0.061829935759305954
15	0.061267685145139694
