step	eval/loss
0	0.6481603384017944
1	0.31979724764823914
2	0.3789196312427521
3	0.16546925902366638
4	0.12024083733558655
5	0.11680155247449875
6	0.10919078439474106
