step	eval/loss
0	0.35164085030555725
1	0.2797125279903412
2	0.27939555048942566
3	0.22576607763767242
4	0.2267846167087555
5	0.18090996146202087
6	0.12752823531627655
7	0.07118145376443863
8	0.10927432775497437
9	0.09858667105436325
10	0.061883557587862015
11	0.046697407960891724
12	0.05273853614926338
13	0.04507919400930405
14	0.04173174872994423
15	0.04186239093542099
