step	eval/loss
0	0.48808062076568604
1	0.32478928565979004
2	0.2953422963619232
3	0.23921194672584534
4	0.24331709742546082
5	0.1744120866060257
6	0.12410301715135574
7	0.11807481944561005
8	0.0946633443236351
9	0.09434235841035843
10	0.09891557693481445
11	0.10241379588842392
12	0.09618450701236725
13	0.08576059341430664
14	0.08306925743818283
15	0.08245424926280975
