{"dice_mean": 0.7172577105129927, "acc_mean": 0.9643673076923076}