{"dice_mean": 0.7040014607618554, "acc_mean": 0.9550282051282051}