{"dice_mean": 0.6023019922692634, "acc_mean": 0.9183329081632654}