{"dice_mean": 0.7133638163564308, "acc_mean": 0.9735098837209301}