{"dice_mean": 0.7237271893772268, "acc_mean": 0.9654038793103449}