{"dice_mean": 0.5991740013290743, "acc_mean": 0.907413782051282}