{"dice_mean": 0.7177771513047638, "acc_mean": 0.9619910256410256}