{
    "dice_mean": 0.831911638601304,
    "jacc_mean": 0.712199236027961,
    "acc_mean": 0.9761094792484298
}