{
    "dice_mean": 0.7678456076569353,
    "jacc_mean": 0.6231732098092027,
    "acc_mean": 0.9659319707450289
}