{
    "dice_mean": 0.8346689866008767,
    "jacc_mean": 0.7162505562829335,
    "acc_mean": 0.9775178550987703
}