{
    "dice_mean": 0.7403358886629073,
    "jacc_mean": 0.5877248402965651,
    "acc_mean": 0.960984513997907
}