{
    "dice_mean": 0.8345766578154795,
    "jacc_mean": 0.7161145890995391,
    "acc_mean": 0.9762824600994242
}