{
    "dice_mean": 0.7586493967256098,
    "jacc_mean": 0.6111483691428284,
    "acc_mean": 0.9682959572049973
}