{
    "dice_mean": 0.8586150266625977,
    "jacc_mean": 0.7522571671431884,
    "acc_mean": 0.9795205492052593
}