{
    "dice_mean": 0.8775948799093121,
    "jacc_mean": 0.781887808778353,
    "acc_mean": 0.9827839338860546
}