{
    "dice_mean": 0.7717020943059312,
    "jacc_mean": 0.628269486358742,
    "acc_mean": 0.9676265187565409
}