{
    "dice_mean": 0.8346692481445628,
    "jacc_mean": 0.7162509414735723,
    "acc_mean": 0.9770901299221614
}