{
    "dice_mean": 0.8200813834123631,
    "jacc_mean": 0.6950321588992852,
    "acc_mean": 0.9738916449993459
}