{
    "dice_mean": 0.8741271564897848,
    "jacc_mean": 0.7763995388364242,
    "acc_mean": 0.9821106627747253
}