{
    "dice_mean": 0.8928866782525319,
    "jacc_mean": 0.8064998051357555,
    "acc_mean": 0.9840154962225278
}