{
    "dice_mean": 0.7769926797740869,
    "jacc_mean": 0.635313188174999,
    "acc_mean": 0.9672915440214547
}