{
    "dice_mean": 0.904311817640324,
    "jacc_mean": 0.8253368359717055,
    "acc_mean": 0.9862903093929881
}