{
    "dice_mean": 0.8553174811959434,
    "jacc_mean": 0.7472093503179934,
    "acc_mean": 0.9793427136479591
}