step	train/loss
0	0.3914104104042053
1	0.37633854150772095
2	0.35503244400024414
3	0.3377365171909332
4	0.28395262360572815
5	0.2448098510503769
6	0.20855166018009186
