step	train/loss
0	0.4679379463195801
1	0.3007223308086395
2	0.3108922839164734
3	0.2891118824481964
4	0.24397075176239014
5	0.20445354282855988
6	0.17683319747447968
