step	train/loss
0	0.46606335043907166
1	0.3579403758049011
2	0.3253657817840576
3	0.30903857946395874
4	0.28717899322509766
5	0.27324479818344116
6	0.2348228394985199
7	0.20086990296840668
8	0.1734386682510376
9	0.1514352560043335
10	0.13177555799484253
11	0.12123876810073853
12	0.10651179403066635
