step	train/loss
0	1.0905290842056274
1	0.3868499994277954
2	0.36418694257736206
3	0.34931299090385437
4	0.3367113769054413
5	0.3122783303260803
6	0.2903923988342285
7	0.2665959596633911
8	0.2471071183681488
9	0.23330383002758026
10	0.21823105216026306
11	0.20393957197666168
12	0.18774205446243286
13	0.17225439846515656
14	0.1583286076784134
15	0.1451537162065506
16	0.13307026028633118
17	0.12334702163934708
18	0.11424607038497925
19	0.10750182718038559
20	0.10330651700496674
