step	train/loss
0	0.7512868642807007
1	0.33885449171066284
2	0.3158864378929138
3	0.30976006388664246
4	0.310511976480484
5	0.2812316417694092
6	0.2592811584472656
7	0.23771405220031738
8	0.21189218759536743
9	0.18797960877418518
10	0.17591190338134766
11	0.16639867424964905
12	0.1544865369796753
13	0.14232216775417328
14	0.13496333360671997
15	0.1270449310541153
