step	train/loss
0	0.45780909061431885
1	0.3175954222679138
2	0.3187117278575897
3	0.2921158969402313
4	0.2666100263595581
5	0.22843903303146362
6	0.20279818773269653
7	0.17281341552734375
8	0.14995570480823517
9	0.14771446585655212
10	0.13442584872245789
11	0.11801254004240036
12	0.10759316384792328
13	0.09522797912359238
14	0.08797107636928558
15	0.0791444256901741
