step	train/loss
0	0.4385479986667633
1	0.33724653720855713
2	0.3112581968307495
3	0.2912568151950836
4	0.2589447498321533
5	0.2238917350769043
6	0.20162487030029297
7	0.1717405468225479
8	0.15093040466308594
9	0.1320972889661789
10	0.11053166538476944
11	0.09678065776824951
12	0.08589084446430206
13	0.07313728332519531
14	0.07186952978372574
15	0.06433521211147308
16	0.05842404067516327
17	0.052927084267139435
18	0.04799582436680794
19	0.04911153018474579
20	0.048190146684646606
