step	train/loss
0	0.40279853343963623
1	0.30816540122032166
2	0.2968820631504059
3	0.2731061279773712
4	0.2415732443332672
5	0.21115250885486603
6	0.19161640107631683
7	0.17531248927116394
8	0.16214287281036377
9	0.1423758864402771
10	0.1276485025882721
11	0.1145753487944603
12	0.10108937323093414
13	0.08905912935733795
14	0.08080970495939255
15	0.07337649166584015
16	0.06754869967699051
