step	train/loss
0	0.4368794858455658
1	0.32722702622413635
2	0.3176979422569275
3	0.2923654317855835
4	0.26976820826530457
5	0.2550363838672638
6	0.22134609520435333
7	0.1959516555070877
8	0.18118946254253387
9	0.1625695377588272
10	0.14244884252548218
11	0.12854988873004913
12	0.11571945995092392
13	0.10304293781518936
14	0.09205062687397003
15	0.08701836317777634
