step	train/loss
0	0.42728951573371887
1	0.35580167174339294
2	0.3407997786998749
3	0.3395134508609772
4	0.3448948562145233
5	0.3346339762210846
6	0.3280395269393921
7	0.3214666545391083
8	0.32047921419143677
9	0.30621904134750366
10	0.2857707440853119
11	0.26488611102104187
12	0.2450752854347229
13	0.22998963296413422
14	0.21111994981765747
15	0.19953462481498718
