step	train/loss
0	0.44858789443969727
1	0.33887556195259094
2	0.33575594425201416
3	0.3169950544834137
4	0.3014906942844391
5	0.3056736886501312
6	0.27815577387809753
7	0.2418055534362793
8	0.20624901354312897
9	0.17990082502365112
10	0.15834052860736847
11	0.13726657629013062
12	0.12034471333026886
13	0.10968542844057083
14	0.09862039983272552
15	0.09194844216108322
