step	train/loss
0	0.5251271724700928
1	0.3230295479297638
2	0.28450819849967957
3	0.3034670352935791
4	0.3047547936439514
5	0.2744728922843933
6	0.23312141001224518
7	0.20595183968544006
8	0.17884404957294464
9	0.1562744379043579
10	0.13603228330612183
11	0.12181144952774048
12	0.10670146346092224
13	0.09361293166875839
14	0.08547505736351013
15	0.07960516214370728
