step	train/loss
0	0.37505799531936646
1	0.3272465765476227
2	0.317950576543808
3	0.2729491591453552
4	0.232288658618927
5	0.20043537020683289
