{
    "train": {
        "loss": 0.20855166018009186
    },
    "eval": {
        "loss": 0.10919078439474106
    },
    "dice": 0.7849331276275142,
    "jaccard_coeff": 0.6459999408056353,
    "step": 6
}