{
    "train": {
        "loss": 0.042074013501405716
    },
    "eval": {
        "loss": 0.052537910640239716
    },
    "dice": 0.8979153735627257,
    "jaccard_coeff": 0.8147426722260253,
    "step": 31
}