{
    "epoch": 29.0,
    "train": {
        "loss": 0.0404764860868454
    },
    "eval": {
        "loss": 0.054996930062770844
    },
    "dice": 0.8561085166511386,
    "jaccard_coeff": 0.7484175982714653,
    "step": 30
}