{
    "train": {
        "loss": 0.06754869967699051
    },
    "eval": {
        "loss": 0.07395248860120773
    },
    "dice": 0.8674537645138699,
    "jaccard_coeff": 0.7659323189940472,
    "step": 16
}