{
    "train": {
        "loss": 0.03660739213228226
    },
    "eval": {
        "loss": 0.04380068555474281
    },
    "dice": 0.8862102003074798,
    "jaccard_coeff": 0.7956709610306474,
    "step": 30
}