{
    "epoch": 19.0,
    "train": {
        "loss": 0.10330651700496674
    },
    "eval": {
        "loss": 0.08341679722070694
    },
    "dice": 0.8235063822243234,
    "jaccard_coeff": 0.6999667229655488,
    "step": 20
}