{
    "train": {
        "loss": 0.19953462481498718
    },
    "eval": {
        "loss": 0.1483805775642395
    },
    "dice": 0.6807473532760122,
    "jaccard_coeff": 0.5160098446392862,
    "step": 15
}