{
    "epoch": 14.0,
    "train": {
        "loss": 0.1270449310541153
    },
    "eval": {
        "loss": 0.08245424926280975
    },
    "dice": 0.8381717497650883,
    "jaccard_coeff": 0.721424831592464,
    "step": 15
}