{
    "train": {
        "loss": 0.17683319747447968
    },
    "eval": {
        "loss": 0.0877203717827797
    },
    "dice": 0.8146044406329258,
    "jaccard_coeff": 0.68720051648234,
    "step": 6
}