{
    "epoch": 14.0,
    "train": {
        "loss": 0.09194844216108322
    },
    "eval": {
        "loss": 0.04186239093542099
    },
    "dice": 0.8987632715439549,
    "jaccard_coeff": 0.8161399346024701,
    "step": 15
}