{
    "train": {
        "loss": 0.20043537020683289
    },
    "eval": {
        "loss": 0.12680615484714508
    },
    "dice": 0.695975980659752,
    "jaccard_coeff": 0.5337140806745806,
    "step": 5
}