{
    "train": {
        "loss": 0.10651179403066635
    },
    "eval": {
        "loss": 0.06417020410299301
    },
    "dice": 0.8616122470685208,
    "jaccard_coeff": 0.7568706223778061,
    "step": 12
}