{
    "epoch": 14.0,
    "train": {
        "loss": 0.07960516214370728
    },
    "eval": {
        "loss": 0.05049995332956314
    },
    "dice": 0.9009894402970642,
    "jaccard_coeff": 0.8198187290762728,
    "step": 15
}