{
    "epoch": 14.0,
    "train": {
        "loss": 0.08701836317777634
    },
    "eval": {
        "loss": 0.061267685145139694
    },
    "dice": 0.855965152066392,
    "jaccard_coeff": 0.7481984955374946,
    "step": 15
}