{
    "epoch": 19.0,
    "train": {
        "loss": 0.048190146684646606
    },
    "eval": {
        "loss": 0.0460687056183815
    },
    "dice": 0.8944020696363535,
    "jaccard_coeff": 0.8089758899441611,
    "step": 20
}