{
    "epoch": 14.0,
    "train": {
        "loss": 0.0791444256901741
    },
    "eval": {
        "loss": 0.058440253138542175
    },
    "dice": 0.8610542398777693,
    "jaccard_coeff": 0.7560098733633827,
    "step": 15
}