step	dice
0	0.0
1	0.0
2	0.015688709163212914
3	0.44360486658203396
4	0.6900418069774887
5	0.695975980659752
