step	dice
0	0.0
1	0.0
2	0.0
3	0.0
4	0.6741676734262144
5	0.04075274328354595
6	0.3289170942108119
7	0.8479977137141428
8	0.8375476286746033
9	0.856664558313264
10	0.8719605241969496
11	0.8879372538903958
12	0.8812923281035467
13	0.8950225213067756
14	0.8997302194483592
15	0.8987632715439549
