step	dice
0	6.778649964073155e-06
1	0.0
2	0.0
3	0.0
4	0.0
5	0.6793248576717544
6	0.7764326685134768
7	0.7901140482581859
8	0.815132418251753
9	0.8052454930085603
10	0.822488619958417
11	0.7901415315072163
12	0.804193978412714
13	0.8340023677952236
14	0.8369909016027085
15	0.8381717497650883
