step	dice
0	0.0
1	0.0
2	0.0
3	0.6076999498141074
4	0.27858815367270834
5	0.7294346825946897
6	0.7404300530020403
7	0.8067316719128425
8	0.8372956954507613
9	0.8498793734669958
10	0.8594266049828246
11	0.8463497551582693
12	0.8537746417972051
13	0.8438634073063526
14	0.8539346561650957
15	0.855965152066392
