step	dice
0	0.0
1	0.0
2	0.0
3	0.18761912714519624
4	0.13218168567901603
5	0.7001836936555037
6	0.7886471595701678
7	0.7989024384591497
8	0.8445662092686382
9	0.8522164729305142
10	0.8761984354584175
11	0.8845630194895241
12	0.8924763241694308
13	0.8922037714607374
14	0.8996950404159557
15	0.9011122930587543
16	0.8996589466683429
17	0.8911668702398272
18	0.8914600845519896
19	0.8953320111424261
20	0.8944020696363535
