step	dice
0	0.07688663335354477
1	0.0
2	0.0
3	0.604172127157674
4	0.7765162415995627
5	0.775055694010167
6	0.7849331276275142
