step	dice
0	0.0
1	0.0
2	0.0
3	0.0
4	0.0
5	0.0
6	0.0
7	0.0
8	0.0
9	0.38105233571644287
10	0.5527916304350519
11	0.6322653078849642
12	0.6089556264892325
13	0.6777937892241777
14	0.6862413315966094
15	0.6807473532760122
