step	dice
0	0.0
1	0.0
2	0.0
3	0.0
4	0.6712454156942381
5	0.7328363608604306
6	0.7836312766257787
7	0.8058495564484732
8	0.8265463462348354
9	0.845695039658649
10	0.8541851009236782
11	0.861265294444351
12	0.8616122470685208
