step	dice
0	0.0
1	0.0
2	0.0
3	0.037565672685542145
4	0.5394757726231776
5	0.599223370922069
6	0.72517619620533
7	0.7672210308150664
8	0.8198812698060436
9	0.8487180834296522
10	0.8510077814942548
11	0.8640179965516476
12	0.8556559846617365
13	0.8618269388136822
14	0.867855647910064
15	0.8682818414727714
16	0.8674537645138699
