step	dice
0	0.0
1	0.0
2	0.0
3	0.0
4	0.0
5	0.5406219417724321
6	0.7616201867401452
7	0.873160463725235
8	0.8595928133025847
9	0.8815742840659682
10	0.8913642116915148
11	0.869583587082634
12	0.8977569375645342
13	0.9029864993863358
14	0.8987563125616477
15	0.9009894402970642
