step	dice
0	0.0
1	0.0
2	0.0
3	0.0
4	0.4020800883665225
5	0.7878425793457324
6	0.7962652437396266
7	0.8353288601001152
8	0.8398116331438654
9	0.7930367761281099
10	0.8273072186699838
11	0.8509828285899351
12	0.8567852666233746
13	0.8552886033629421
14	0.8595245267279932
15	0.8610542398777693
