step	dice
0	0.0
1	0.0
2	0.0
3	0.23510017220378848
4	0.7886821386017488
5	0.8073369457063744
6	0.8146044406329258
