step	dice
0	2.220996561156991e-05
1	0.0
2	0.0
3	0.0
4	0.0
5	0.09436456614640445
6	8.145161588898885e-05
7	0.24207395077141228
8	0.675947513817075
9	0.5954754319773331
10	0.7684818244593711
11	0.7933386228784325
12	0.8133643915477815
13	0.812228047441287
14	0.8053941797626469
15	0.8310009847496873
16	0.8319969150052094
17	0.8171422456439419
18	0.8163662840532532
19	0.8230626974973945
20	0.8235063822243234
