step	jaccard_coeff
0	0.0
1	0.0
2	0.0
3	0.0
4	0.0
5	0.0
6	0.0
7	0.0
8	0.0
9	0.23537038541951402
10	0.3819710015920023
11	0.46227189492959525
12	0.43776865647522706
13	0.5126233591252555
14	0.5223496126808416
15	0.5160098446392862
