step	jaccard_coeff
0	0.0
1	0.0
2	0.0
3	0.10352080512175384
4	0.07076795674694335
5	0.5386789581249728
6	0.6510466094175559
7	0.6651436686244395
8	0.730951627037018
9	0.7424888516272649
10	0.7796736213086102
11	0.7930192695285275
12	0.8058304699447014
13	0.8053861788617886
14	0.81767789245999
15	0.8200221800342099
16	0.8176182683944393
17	0.8036979111839632
18	0.8041749982378495
19	0.8104987382393158
20	0.8089758899441611
