step	jaccard_coeff
0	0.039980291691082394
1	0.0
2	0.0
3	0.4328414261619505
4	0.634676379043043
5	0.6327272923513635
6	0.6459999408056353
