step	jaccard_coeff
0	0.0
1	0.0
2	0.0
3	0.019142384620304632
4	0.36937132743912376
5	0.4277793892924321
6	0.5688442544348119
7	0.6223508430893526
8	0.6947447310418446
9	0.7371939671891756
10	0.7406558267217714
11	0.7605912716300618
12	0.7477261847774055
13	0.7572020180440748
14	0.7665591815284017
15	0.767224449771768
16	0.7659323189940472
