step	jaccard_coeff
0	0.0
1	0.0
2	0.0
3	0.0
4	0.5051688427814123
5	0.578328116610134
6	0.644238265558141
7	0.6748308479891306
8	0.7043706784522455
9	0.7326443779714505
10	0.7454826269166723
11	0.7563353345098004
12	0.7568706223778061
