step	jaccard_coeff
0	0.0
1	0.0
2	0.0
3	0.4364719729292335
4	0.16183701434789619
5	0.5741024665180594
6	0.5878435372063063
7	0.6760689552584169
8	0.7201278022062256
9	0.7389480319372461
10	0.7535039908325083
11	0.7336276821701537
12	0.7448575759446353
13	0.7298994017136512
14	0.7451011940625514
15	0.7481984955374946
