step	jaccard_coeff
0	0.0
1	0.0
2	0.0
3	0.13320879094727572
4	0.6510942864256583
5	0.6769195564496906
6	0.68720051648234
