step	jaccard_coeff
0	1.110510612779756e-05
1	0.0
2	0.0
3	0.0
4	0.0
5	0.04951868781930627
6	4.0727466603477385e-05
7	0.13770428561408432
8	0.5105141381258576
9	0.4239693954344009
10	0.6240117602178403
11	0.6574658292046303
12	0.6854373707937931
13	0.6838249090589952
14	0.6741924123579318
15	0.7108654275228355
16	0.7123242444251937
17	0.6908203819391538
18	0.68971192105682
19	0.6993258653177682
20	0.6999667229655488
