step	jaccard_coeff
0	0.0
1	0.0
2	0.0
3	0.0
4	0.0
5	0.3704468069288529
6	0.6150134058914372
7	0.7748756017310404
8	0.7537595547709056
9	0.7882278380283291
10	0.8040189763777379
11	0.7692595198953476
12	0.8144818218051575
13	0.82313161951171
14	0.8161284580457221
15	0.8198187290762728
