step	jaccard_coeff
0	0.0
1	0.0
2	0.0
3	0.0
4	0.5084863748709445
5	0.020800204335538728
6	0.19682871093428905
7	0.7361076655916646
8	0.7205005979897947
9	0.7492679113047059
10	0.7729875974209162
11	0.7984596705507131
12	0.7877771380700055
13	0.8099916410651671
14	0.8177360092515333
15	0.8161399346024701
