step	jaccard_coeff
0	3.3893364695993465e-06
1	0.0
2	0.0
3	0.0
4	0.0
5	0.5143769545583773
6	0.6345647260540878
7	0.6530483696588897
8	0.6879523339216036
9	0.6739840597348169
10	0.6984973851627417
11	0.653085920447834
12	0.672512066250716
13	0.7152693494052941
14	0.7196770023176439
15	0.721424831592464
