step	jaccard_coeff
0	0.0
1	0.0
2	0.0
3	0.0
4	0.2516271844660194
5	0.6499507126066932
6	0.6614955990914253
7	0.7172229408654534
8	0.7238580019721949
9	0.6570513172589297
10	0.7054765168177198
11	0.7406180253560664
12	0.7494526107905852
13	0.7471652731645859
14	0.7536545474862605
15	0.7560098733633827
