step	jaccard_coeff
0	0.0
1	0.0
2	0.007906374990486981
3	0.2850207232451587
4	0.5267662820485375
5	0.5337140806745806
